{
    "train_rmse": 0.06885606220544851,
    "train_mae": 0.03341026173861786,
    "train_weighted_rmse": 0.034337075137414075,
    "train_weighted_mae": 0.020863851092391996,
    "test_rmse": 0.09550704939385957,
    "test_mae": 0.04078999986908252,
    "test_weighted_rmse": 0.044531859859325174,
    "test_weighted_mae": 0.02443952322695295
}