{"learner":{"attributes":{"scikit_learn":"{\"_estimator_type\": \"regressor\"}"},"feature_names":[],"feature_types":[],"gradient_booster":{"model":{"gbtree_model_param":{"num_parallel_tree":"1","num_trees":"10"},"iteration_indptr":[0,1,2,3,4,5,6,7,8,9,10],"tree_info":[0,0,0,0,0,0,0,0,0,0],"trees":[{"base_weights":[-4.7790305E-8,-8.724788E-2,3.5508758E-1,-1.4185894E-1,-1.490328E-3,3.819469E-1,-1.723791E-1,-9.375358E-3,-2.3809457E-2,1.7001538E-3,-2.3859628E-2,5.237254E-2,2.9629296E-2,-2.6439795E-2,-1.855848E-3],"categories":[],"categories_nodes":[],"categories_segments":[],"categories_sizes":[],"default_left":[0,0,0,0,0,0,0,0,0,0,0,0,0,0,0],"id":0,"left_children":[1,3,5,7,9,11,13,-1,-1,-1,-1,-1,-1,-1,-1],"loss_changes":[1.1025707E3,1.337989E2,9.951691E1,8.078143E1,4.8742695E1,8.096448E1,4.8192244E0,0E0,0E0,0E0,0E0,0E0,0E0,0E0,0E0],"parents":[2147483647,0,0,1,1,2,2,3,3,4,4,5,5,6,6],"right_children":[2,4,6,8,10,12,14,-1,-1,-1,-1,-1,-1,-1,-1],"split_conditions":[3.9459803E0,1.0474848E0,1E0,2.1742017E0,1E0,3.0974915E0,-5.7492137E-1,-9.375358E-3,-2.3809457E-2,1.7001538E-3,-2.3859628E-2,5.237254E-2,2.9629296E-2,-2.6439795E-2,-1.855848E-3],"split_indices":[62,70,93,61,86,61,71,0,0,0,0,0,0,0,0],"split_type":[0,0,0,0,0,0,0,0,0,0,0,0,0,0,0],"sum_hessian":[3.5587043E4,2.8568332E4,7.01871E3,1.745329E4,1.1115043E4,6.678888E3,3.3982196E2,1.1637847E4,5.815443E3,1.0311758E4,8.0328455E2,2.5134268E3,4.1654614E3,2.1217523E2,1.2764673E2],"tree_param":{"num_deleted":"0","num_feature":"151","num_nodes":"15","size_leaf_vector":"1"}},{"base_weights":[-1.0908544E-4,-8.368066E-2,3.2527512E-1,-1.3679996E-1,-1.4282687E-3,3.489833E-1,-1.6679287E-1,-8.995946E-3,-2.318673E-2,-1.3038022E-3,3.6414087E-2,1.9723242E-2,4.200751E-2,-2.5820702E-2,-1.7677417E-3],"categories":[],"categories_nodes":[],"categories_segments":[],"categories_sizes":[],"default_left":[0,0,0,0,0,0,0,0,0,0,0,0,0,0,0],"id":1,"left_children":[1,3,5,7,9,11,13,-1,-1,-1,-1,-1,-1,-1,-1],"loss_changes":[9.679808E2,1.2374628E2,8.49209E1,7.661029E1,4.7177174E1,7.479077E1,4.5625753E0,0E0,0E0,0E0,0E0,0E0,0E0,0E0,0E0],"parents":[2147483647,0,0,1,1,2,2,3,3,4,4,5,5,6,6],"right_children":[2,4,6,8,10,12,14,-1,-1,-1,-1,-1,-1,-1,-1],"split_conditions":[3.9459803E0,1.0474848E0,1E0,2.1742017E0,1E0,4.4377133E-1,-5.7492137E-1,-8.995946E-3,-2.318673E-2,-1.3038022E-3,3.6414087E-2,1.9723242E-2,4.200751E-2,-2.5820702E-2,-1.7677417E-3],"split_indices":[62,70,93,61,73,63,71,0,0,0,0,0,0,0,0],"split_type":[0,0,0,0,0,0,0,0,0,0,0,0,0,0,0],"sum_hessian":[3.559486E4,2.8321514E4,7.273345E3,1.7207863E4,1.1113649E4,6.9392964E3,3.3404892E2,1.1529248E4,5.6786157E3,1.0772501E4,3.4114902E2,2.214995E3,4.7243013E3,2.0663885E2,1.27410065E2],"tree_param":{"num_deleted":"0","num_feature":"151","num_nodes":"15","size_leaf_vector":"1"}},{"base_weights":[-2.0001107E-4,-8.022911E-2,2.98887E-1,-1.3185306E-1,-1.3665553E-3,3.1994665E-1,-1.6129665E-1,-8.628527E-3,-2.2565875E-2,1.6147227E-3,-2.3203034E-2,4.4742193E-2,2.5116954E-2,-2.520026E-2,-1.6836742E-3],"categories":[],"categories_nodes":[],"categories_segments":[],"categories_sizes":[],"default_left":[0,0,0,0,0,0,0,0,0,0,0,0,0,0,0],"id":2,"left_children":[1,3,5,7,9,11,13,-1,-1,-1,-1,-1,-1,-1,-1],"loss_changes":[8.521905E2,1.14350464E2,7.288818E1,7.254242E1,4.4899055E1,6.289966E1,4.31406E0,0E0,0E0,0E0,0E0,0E0,0E0,0E0,0E0],"parents":[2147483647,0,0,1,1,2,2,3,3,4,4,5,5,6,6],"right_children":[2,4,6,8,10,12,14,-1,-1,-1,-1,-1,-1,-1,-1],"split_conditions":[3.9459803E0,1.0474848E0,1E0,2.1742017E0,1E0,2.7987802E0,-5.7492137E-1,-8.628527E-3,-2.2565875E-2,1.6147227E-3,-2.3203034E-2,4.4742193E-2,2.5116954E-2,-2.520026E-2,-1.6836742E-3],"split_indices":[62,70,93,61,86,61,71,0,0,0,0,0,0,0,0],"split_type":[0,0,0,0,0,0,0,0,0,0,0,0,0,0,0],"sum_hessian":[3.560138E4,2.8086723E4,7.5146567E3,1.6974459E4,1.1112264E4,7.1861E3,3.285566E2,1.1425996E4,5.5484624E3,1.032894E4,7.833232E2,2.5164558E3,4.669644E3,2.0137158E2,1.2718504E2],"tree_param":{"num_deleted":"0","num_feature":"151","num_nodes":"15","size_leaf_vector":"1"}},{"base_weights":[-2.7600408E-4,-7.689335E-2,2.7539623E-1,-1.2702064E-1,-1.3097832E-3,2.9420844E-1,-1.5589494E-1,-8.272993E-3,-2.194767E-2,1.5320022E-3,-2.2582814E-2,1.6217554E-2,3.547144E-2,-2.4579233E-2,-1.6034631E-3],"categories":[],"categories_nodes":[],"categories_segments":[],"categories_sizes":[],"default_left":[0,0,0,0,0,0,0,0,0,0,0,0,0,0,0],"id":3,"left_children":[1,3,5,7,9,11,13,-1,-1,-1,-1,-1,-1,-1,-1],"loss_changes":[7.52104E2,1.0557274E2,6.2880005E1,6.858649E1,4.1492264E1,5.9227295E1,4.0739017E0,0E0,0E0,0E0,0E0,0E0,0E0,0E0,0E0],"parents":[2147483647,0,0,1,1,2,2,3,3,4,4,5,5,6,6],"right_children":[2,4,6,8,10,12,14,-1,-1,-1,-1,-1,-1,-1,-1],"split_conditions":[3.9459803E0,1.0474848E0,1E0,2.1742017E0,1E0,4.4377133E-1,-5.7492137E-1,-8.272993E-3,-2.194767E-2,1.5320022E-3,-2.2582814E-2,1.6217554E-2,3.547144E-2,-2.4579233E-2,-1.6034631E-3],"split_indices":[62,70,93,61,86,63,71,0,0,0,0,0,0,0,0],"split_type":[0,0,0,0,0,0,0,0,0,0,0,0,0,0,0],"sum_hessian":[3.5606832E4,2.7863479E4,7.743352E3,1.6752488E4,1.111099E4,7.420021E3,3.2333142E2,1.1327829E4,5.4246587E3,1.0345634E4,7.653569E2,2.3329224E3,5.0870986E3,1.9636035E2,1.2697108E2],"tree_param":{"num_deleted":"0","num_feature":"151","num_nodes":"15","size_leaf_vector":"1"}},{"base_weights":[-3.3928547E-4,-7.532201E-2,2.4960612E-1,-1.2585036E-1,-1.2550635E-3,2.7145854E-1,-1.839178E-1,-7.538117E-3,-2.1010794E-2,-4.1407006E-4,7E-2,1.5271559E-2,3.2336306E-2,4.4050696E-3,-2.2867385E-2],"categories":[],"categories_nodes":[],"categories_segments":[],"categories_sizes":[],"default_left":[0,0,0,0,0,0,0,0,0,0,0,0,0,0,0],"id":4,"left_children":[1,3,5,7,9,11,13,-1,-1,-1,-1,-1,-1,-1,-1],"loss_changes":[6.6745123E2,1.02525024E2,7.790729E1,6.9235565E1,4.0603966E1,4.8174744E1,4.0400143E0,0E0,0E0,0E0,0E0,0E0,0E0,0E0,0E0],"parents":[2147483647,0,0,1,1,2,2,3,3,4,4,5,5,6,6],"right_children":[2,4,6,8,10,12,14,-1,-1,-1,-1,-1,-1,-1,-1],"split_conditions":[3.6662278E0,1.0474848E0,1E0,1.1558675E0,1E0,4.4377133E-1,1.1151341E0,-7.538117E-3,-2.1010794E-2,-4.1407006E-4,7E-2,1.5271559E-2,3.2336306E-2,4.4050696E-3,-2.2867385E-2],"split_indices":[62,70,93,61,38,63,61,0,0,0,0,0,0,0,0],"split_type":[0,0,0,0,0,0,0,0,0,0,0,0,0,0,0],"sum_hessian":[3.561137E4,2.7393977E4,8.217396E3,1.6284213E4,1.1109763E4,7.823419E3,3.9397742E2,1.0185266E4,6.0989478E3,1.1101766E4,7.9975886E0,2.3807874E3,5.442632E3,6.465709E1,3.293203E2],"tree_param":{"num_deleted":"0","num_feature":"151","num_nodes":"15","size_leaf_vector":"1"}},{"base_weights":[-3.5372062E-4,-7.2109774E-2,2.3115677E-1,-1.2116382E-1,-1.0759092E-3,2.508713E-1,-1.781454E-1,-7.2194445E-3,-2.0402616E-2,-1.207005E-3,3.3118993E-2,3.448324E-2,1.8985134E-2,4.171046E-3,-2.2249602E-2],"categories":[],"categories_nodes":[],"categories_segments":[],"categories_sizes":[],"default_left":[0,0,0,0,0,0,0,0,0,0,0,0,0,0,0],"id":5,"left_children":[1,3,5,7,9,11,13,-1,-1,-1,-1,-1,-1,-1,-1],"loss_changes":[5.9163654E2,9.473523E1,6.804187E1,6.5241104E1,4.057669E1,4.6031464E1,3.7907906E0,0E0,0E0,0E0,0E0,0E0,0E0,0E0,0E0],"parents":[2147483647,0,0,1,1,2,2,3,3,4,4,5,5,6,6],"right_children":[2,4,6,8,10,12,14,-1,-1,-1,-1,-1,-1,-1,-1],"split_conditions":[3.6662278E0,1.0474848E0,1E0,1.1558675E0,1E0,3.0974915E0,1.1151341E0,-7.2194445E-3,-2.0402616E-2,-1.207005E-3,3.3118993E-2,3.448324E-2,1.8985134E-2,4.171046E-3,-2.2249602E-2],"split_indices":[62,70,93,61,73,61,61,0,0,0,0,0,0,0,0],"split_type":[0,0,0,0,0,0,0,0,0,0,0,0,0,0,0],"sum_hessian":[3.5612406E4,2.7186662E4,8.425745E3,1.6080916E4,1.1105746E4,8.0389272E3,3.8681757E2,1.0108776E4,5.97214E3,1.0750978E4,3.547688E2,3.1632983E3,4.875629E3,6.4942535E1,3.2187503E2],"tree_param":{"num_deleted":"0","num_feature":"151","num_nodes":"15","size_leaf_vector":"1"}},{"base_weights":[-3.9921966E-4,-6.905351E-2,2.1448115E-1,-1.16595715E-1,-1.0302508E-3,1.2521394E-2,2.4875088E-1,-6.911972E-3,-1.9799693E-2,-3.891751E-4,7E-2,-3.5523043E-3,4.4053085E-2,3.7743982E-2,1.8870044E-2],"categories":[],"categories_nodes":[],"categories_segments":[],